SAMPLE_ID,Run,Species,age,age_days,strain_cell_type,source_name,Organism,culture_condition,genotype,LibraryLayout,BioSample,Experiment,MBases,MBytes,AvgSpotLen,SRA_Sample,Sample_Name,BioProject,SRA_Study,Assay_Type,Platform,Instrument,LoadDate,ReleaseDate
SRR6833982_h,SRR6833982,Human,day-3,3,human neuronal cells,HUES66,Homo sapiens,before 2D or 3D culture,wild type,PAIRED,SAMN08712448,SRX3789902,795,342,74,SRS3042445,GSM3040336,PRJNA438297,SRP135684,RNA-Seq,ILLUMINA,NextSeq 500,3/14/2018,4/9/2018
SRR6833983_h,SRR6833983,Human,day-3,3,human neuronal cells,HUES66,Homo sapiens,before 2D or 3D culture,wild type,PAIRED,SAMN08712447,SRX3789903,1224,519,74,SRS3042446,GSM3040337,PRJNA438297,SRP135684,RNA-Seq,ILLUMINA,NextSeq 500,3/14/2018,4/9/2018
SRR6833984_h,SRR6833984,Human,1wk,7,human neuronal cells,HUES66,Homo sapiens,2D,wild type,PAIRED,SAMN08712446,SRX3789904,622,257,74,SRS3042447,GSM3040338,PRJNA438297,SRP135684,RNA-Seq,ILLUMINA,NextSeq 500,3/14/2018,4/9/2018
SRR6833985_h,SRR6833985,Human,1wk,7,human neuronal cells,HUES66,Homo sapiens,2D,wild type,PAIRED,SAMN08712445,SRX3789905,579,239,74,SRS3042448,GSM3040339,PRJNA438297,SRP135684,RNA-Seq,ILLUMINA,NextSeq 500,3/14/2018,4/9/2018
SRR6833986_h,SRR6833986,Human,1wk,7,human neuronal cells,HUES66,Homo sapiens,2D,wild type,PAIRED,SAMN08712444,SRX3789906,708,294,74,SRS3042449,GSM3040340,PRJNA438297,SRP135684,RNA-Seq,ILLUMINA,NextSeq 500,3/14/2018,4/9/2018
SRR6833987_h,SRR6833987,Human,5wk,35,human neuronal cells,HUES66,Homo sapiens,2D,wild type,PAIRED,SAMN08712440,SRX3789907,411,177,74,SRS3042450,GSM3040341,PRJNA438297,SRP135684,RNA-Seq,ILLUMINA,NextSeq 500,3/14/2018,4/9/2018
SRR6833988_h,SRR6833988,Human,5wk,35,human neuronal cells,HUES66,Homo sapiens,2D,wild type,PAIRED,SAMN08712441,SRX3789908,455,194,74,SRS3042453,GSM3040342,PRJNA438297,SRP135684,RNA-Seq,ILLUMINA,NextSeq 500,3/14/2018,4/9/2018
SRR6833989_h,SRR6833989,Human,5wk,35,human neuronal cells,HUES66,Homo sapiens,2D,wild type,PAIRED,SAMN08712442,SRX3789909,342,147,74,SRS3042452,GSM3040343,PRJNA438297,SRP135684,RNA-Seq,ILLUMINA,NextSeq 500,3/14/2018,4/9/2018
SRR6833990_h,SRR6833990,Human,1wk,7,human neuronal cells,HUES66,Homo sapiens,3D,wild type,PAIRED,SAMN08712443,SRX3789910,657,275,74,SRS3042451,GSM3040344,PRJNA438297,SRP135684,RNA-Seq,ILLUMINA,NextSeq 500,3/14/2018,4/9/2018
SRR6833991_h,SRR6833991,Human,1wk,7,human neuronal cells,HUES66,Homo sapiens,3D,wild type,PAIRED,SAMN08712439,SRX3789911,596,245,74,SRS3042454,GSM3040345,PRJNA438297,SRP135684,RNA-Seq,ILLUMINA,NextSeq 500,3/14/2018,4/9/2018
SRR6833992_h,SRR6833992,Human,1wk,7,human neuronal cells,HUES66,Homo sapiens,3D,wild type,PAIRED,SAMN08712438,SRX3789912,721,295,74,SRS3042455,GSM3040346,PRJNA438297,SRP135684,RNA-Seq,ILLUMINA,NextSeq 500,3/14/2018,4/9/2018
SRR6833993_h,SRR6833993,Human,5wk,35,human neuronal cells,HUES66,Homo sapiens,3D,wild type,PAIRED,SAMN08712437,SRX3789913,828,335,74,SRS3042456,GSM3040347,PRJNA438297,SRP135684,RNA-Seq,ILLUMINA,NextSeq 500,3/14/2018,4/9/2018
SRR6833994_h,SRR6833994,Human,5wk,35,human neuronal cells,HUES66,Homo sapiens,3D,wild type,PAIRED,SAMN08712436,SRX3789914,689,279,74,SRS3042457,GSM3040348,PRJNA438297,SRP135684,RNA-Seq,ILLUMINA,NextSeq 500,3/14/2018,4/9/2018
SRR6833995_h,SRR6833995,Human,5wk,35,human neuronal cells,HUES66,Homo sapiens,3D,wild type,PAIRED,SAMN08712435,SRX3789915,758,309,74,SRS3042458,GSM3040349,PRJNA438297,SRP135684,RNA-Seq,ILLUMINA,NextSeq 500,3/14/2018,4/9/2018
SRR6833996_h,SRR6833996,Human,1wk,7,human neuronal cells,HUES66,Homo sapiens,3D,wild type,PAIRED,SAMN08712434,SRX3789916,700,286,74,SRS3042459,GSM3040350,PRJNA438297,SRP135684,RNA-Seq,ILLUMINA,NextSeq 500,3/14/2018,4/9/2018
SRR6833997_h,SRR6833997,Human,1wk,7,human neuronal cells,HUES66,Homo sapiens,3D,wild type,PAIRED,SAMN08712433,SRX3789917,710,286,74,SRS3042460,GSM3040351,PRJNA438297,SRP135684,RNA-Seq,ILLUMINA,NextSeq 500,3/14/2018,4/9/2018
SRR6833998_h,SRR6833998,Human,1wk,7,human neuronal cells,HUES66,Homo sapiens,3D,wild type,PAIRED,SAMN08712432,SRX3789918,816,333,74,SRS3042461,GSM3040352,PRJNA438297,SRP135684,RNA-Seq,ILLUMINA,NextSeq 500,3/14/2018,4/9/2018
SRR6833999_h,SRR6833999,Human,5wk,35,human neuronal cells,HUES66,Homo sapiens,3D,wild type,PAIRED,SAMN08712431,SRX3789919,793,323,74,SRS3042462,GSM3040353,PRJNA438297,SRP135684,RNA-Seq,ILLUMINA,NextSeq 500,3/14/2018,4/9/2018
SRR6834000_h,SRR6834000,Human,5wk,35,human neuronal cells,HUES66,Homo sapiens,3D,wild type,PAIRED,SAMN08712430,SRX3789920,716,293,74,SRS3042463,GSM3040354,PRJNA438297,SRP135684,RNA-Seq,ILLUMINA,NextSeq 500,3/14/2018,4/9/2018
SRR6834001_h,SRR6834001,Human,5wk,35,human neuronal cells,HUES66,Homo sapiens,3D,wild type,PAIRED,SAMN08712429,SRX3789921,871,353,74,SRS3042465,GSM3040355,PRJNA438297,SRP135684,RNA-Seq,ILLUMINA,NextSeq 500,3/14/2018,4/9/2018
SRR6834091_h,SRR6834091,Human,day-2,2,cells at day 2 in human astrocytic cell diffentiation,HUES66,Homo sapiens,2D,wild type,PAIRED,SAMN08712490,SRX3790011,622,274,74,SRS3042554,GSM3040445,PRJNA438297,SRP135684,RNA-Seq,ILLUMINA,NextSeq 500,3/14/2018,4/9/2018
SRR6834092_h,SRR6834092,Human,day-2,2,cells at day 2 in human astrocytic cell diffentiation,HUES66,Homo sapiens,2D,wild type,PAIRED,SAMN08712489,SRX3790012,426,186,74,SRS3042556,GSM3040446,PRJNA438297,SRP135684,RNA-Seq,ILLUMINA,NextSeq 500,3/14/2018,4/9/2018
SRR6834093_h,SRR6834093,Human,day-2,2,cells at day 2 in human astrocytic cell diffentiation,HUES66,Homo sapiens,2D,wild type,PAIRED,SAMN08712488,SRX3790013,661,291,74,SRS3042557,GSM3040447,PRJNA438297,SRP135684,RNA-Seq,ILLUMINA,NextSeq 500,3/14/2018,4/9/2018
SRR6834094_h,SRR6834094,Human,day-5,5,cells at day 5 in human astrocytic cell diffentiation without cntf,HUES66,Homo sapiens,2D,wild type,PAIRED,SAMN08712562,SRX3790014,584,255,74,SRS3042558,GSM3040448,PRJNA438297,SRP135684,RNA-Seq,ILLUMINA,NextSeq 500,3/14/2018,4/9/2018
SRR6834095_h,SRR6834095,Human,day-5,5,cells at day 5 in human astrocytic cell diffentiation without cntf,HUES66,Homo sapiens,2D,wild type,PAIRED,SAMN08712561,SRX3790015,598,264,74,SRS3042559,GSM3040449,PRJNA438297,SRP135684,RNA-Seq,ILLUMINA,NextSeq 500,3/14/2018,4/9/2018
SRR6834096_h,SRR6834096,Human,day-5,5,cells at day 5 in human astrocytic cell diffentiation without cntf,HUES66,Homo sapiens,2D,wild type,PAIRED,SAMN08712560,SRX3790016,172,75,74,SRS3042560,GSM3040450,PRJNA438297,SRP135684,RNA-Seq,ILLUMINA,NextSeq 500,3/14/2018,4/9/2018
SRR6834097_h,SRR6834097,Human,day-5,5,cells at day 5 in human astrocytic cell diffentiation with cntf,HUES66,Homo sapiens,2D,wild type,PAIRED,SAMN08712559,SRX3790017,906,398,74,SRS3042561,GSM3040451,PRJNA438297,SRP135684,RNA-Seq,ILLUMINA,NextSeq 500,3/14/2018,4/9/2018
SRR6834098_h,SRR6834098,Human,day-5,5,cells at day 5 in human astrocytic cell diffentiation with cntf,HUES66,Homo sapiens,2D,wild type,PAIRED,SAMN08712558,SRX3790018,586,263,74,SRS3042562,GSM3040452,PRJNA438297,SRP135684,RNA-Seq,ILLUMINA,NextSeq 500,3/14/2018,4/9/2018
SRR6834099_h,SRR6834099,Human,day-5,5,cells at day 5 in human astrocytic cell diffentiation with cntf,HUES66,Homo sapiens,2D,wild type,PAIRED,SAMN08712557,SRX3790019,543,238,74,SRS3042563,GSM3040453,PRJNA438297,SRP135684,RNA-Seq,ILLUMINA,NextSeq 500,3/14/2018,4/9/2018
SRR6834100_h,SRR6834100,Human,day-15,15,cells at day 15 in human astrocytic cell diffentiation without cntf and fbs,HUES66,Homo sapiens,2D,wild type,PAIRED,SAMN08712556,SRX3790020,507,220,74,SRS3042564,GSM3040454,PRJNA438297,SRP135684,RNA-Seq,ILLUMINA,NextSeq 500,3/14/2018,4/9/2018
SRR6834101_h,SRR6834101,Human,day-15,15,cells at day 15 in human astrocytic cell diffentiation without cntf and fbs,HUES66,Homo sapiens,2D,wild type,PAIRED,SAMN08712555,SRX3790021,683,301,74,SRS3042565,GSM3040455,PRJNA438297,SRP135684,RNA-Seq,ILLUMINA,NextSeq 500,3/14/2018,4/9/2018
SRR6834102_h,SRR6834102,Human,day-15,15,cells at day 15 in human astrocytic cell diffentiation without cntf and fbs,HUES66,Homo sapiens,2D,wild type,PAIRED,SAMN08712554,SRX3790022,471,205,74,SRS3042568,GSM3040456,PRJNA438297,SRP135684,RNA-Seq,ILLUMINA,NextSeq 500,3/14/2018,4/9/2018
SRR6834103_h,SRR6834103,Human,day-15,15,cells at day 15 in human astrocytic cell diffentiation with cntf,HUES66,Homo sapiens,2D,wild type,PAIRED,SAMN08712553,SRX3790023,441,194,74,SRS3042566,GSM3040457,PRJNA438297,SRP135684,RNA-Seq,ILLUMINA,NextSeq 500,3/14/2018,4/9/2018
SRR6834104_h,SRR6834104,Human,day-15,15,cells at day 15 in human astrocytic cell diffentiation with cntf,HUES66,Homo sapiens,2D,wild type,PAIRED,SAMN08712552,SRX3790024,364,160,74,SRS3042567,GSM3040458,PRJNA438297,SRP135684,RNA-Seq,ILLUMINA,NextSeq 500,3/14/2018,4/9/2018
SRR6834105_h,SRR6834105,Human,day-15,15,cells at day 15 in human astrocytic cell diffentiation with cntf,HUES66,Homo sapiens,2D,wild type,PAIRED,SAMN08712551,SRX3790025,444,196,74,SRS3042569,GSM3040459,PRJNA438297,SRP135684,RNA-Seq,ILLUMINA,NextSeq 500,3/14/2018,4/9/2018
SRR6834106_h,SRR6834106,Human,day-15,15,cells at day 15 in human astrocytic cell diffentiation with cntf and fbs,HUES66,Homo sapiens,2D,wild type,PAIRED,SAMN08712550,SRX3790026,476,211,74,SRS3042570,GSM3040460,PRJNA438297,SRP135684,RNA-Seq,ILLUMINA,NextSeq 500,3/14/2018,4/9/2018
SRR6834107_h,SRR6834107,Human,day-15,15,cells at day 15 in human astrocytic cell diffentiation with cntf and fbs,HUES66,Homo sapiens,2D,wild type,PAIRED,SAMN08712549,SRX3790027,422,186,74,SRS3042571,GSM3040461,PRJNA438297,SRP135684,RNA-Seq,ILLUMINA,NextSeq 500,3/14/2018,4/9/2018
SRR6834108_h,SRR6834108,Human,day-15,15,cells at day 15 in human astrocytic cell diffentiation with cntf and fbs,HUES66,Homo sapiens,2D,wild type,PAIRED,SAMN08712548,SRX3790028,192,85,74,SRS3042572,GSM3040462,PRJNA438297,SRP135684,RNA-Seq,ILLUMINA,NextSeq 500,3/14/2018,4/9/2018
SRR6834109_h,SRR6834109,Human,day-30,30,cells at day 30 in human astrocytic cell diffentiation without cntf and fbs,HUES66,Homo sapiens,2D,wild type,PAIRED,SAMN08712547,SRX3790029,406,179,74,SRS3042573,GSM3040463,PRJNA438297,SRP135684,RNA-Seq,ILLUMINA,NextSeq 500,3/14/2018,4/9/2018
SRR6834110_h,SRR6834110,Human,day-30,30,cells at day 30 in human astrocytic cell diffentiation without cntf and fbs,HUES66,Homo sapiens,2D,wild type,PAIRED,SAMN08712546,SRX3790030,438,193,74,SRS3042574,GSM3040464,PRJNA438297,SRP135684,RNA-Seq,ILLUMINA,NextSeq 500,3/14/2018,4/9/2018
SRR6834111_h,SRR6834111,Human,day-30,30,cells at day 30 in human astrocytic cell diffentiation without cntf and fbs,HUES66,Homo sapiens,2D,wild type,PAIRED,SAMN08712545,SRX3790031,520,230,74,SRS3042575,GSM3040465,PRJNA438297,SRP135684,RNA-Seq,ILLUMINA,NextSeq 500,3/14/2018,4/9/2018
SRR6834112_h,SRR6834112,Human,day-30,30,cells at day 30 in human astrocytic cell diffentiation with cntf,HUES66,Homo sapiens,2D,wild type,PAIRED,SAMN08712544,SRX3790032,703,313,74,SRS3042576,GSM3040466,PRJNA438297,SRP135684,RNA-Seq,ILLUMINA,NextSeq 500,3/14/2018,4/9/2018
SRR6834113_h,SRR6834113,Human,day-30,30,cells at day 30 in human astrocytic cell diffentiation with cntf,HUES66,Homo sapiens,2D,wild type,PAIRED,SAMN08712543,SRX3790033,480,213,74,SRS3042614,GSM3040467,PRJNA438297,SRP135684,RNA-Seq,ILLUMINA,NextSeq 500,3/14/2018,4/9/2018
SRR6834114_h,SRR6834114,Human,day-30,30,cells at day 30 in human astrocytic cell diffentiation with cntf,HUES66,Homo sapiens,2D,wild type,PAIRED,SAMN08712542,SRX3790034,607,267,74,SRS3042577,GSM3040468,PRJNA438297,SRP135684,RNA-Seq,ILLUMINA,NextSeq 500,3/14/2018,4/9/2018
SRR6834115_h,SRR6834115,Human,day-30,30,cells at day 30 in human astrocytic cell diffentiation with cntf and fbs,HUES66,Homo sapiens,2D,wild type,PAIRED,SAMN08712541,SRX3790035,501,223,74,SRS3042578,GSM3040469,PRJNA438297,SRP135684,RNA-Seq,ILLUMINA,NextSeq 500,3/14/2018,4/9/2018
SRR6834116_h,SRR6834116,Human,day-30,30,cells at day 30 in human astrocytic cell diffentiation with cntf and fbs,HUES66,Homo sapiens,2D,wild type,PAIRED,SAMN08712540,SRX3790036,539,240,74,SRS3042579,GSM3040470,PRJNA438297,SRP135684,RNA-Seq,ILLUMINA,NextSeq 500,3/14/2018,4/9/2018
SRR6834117_h,SRR6834117,Human,day-30,30,cells at day 30 in human astrocytic cell diffentiation with cntf and fbs,HUES66,Homo sapiens,2D,wild type,PAIRED,SAMN08712539,SRX3790037,527,233,74,SRS3042580,GSM3040471,PRJNA438297,SRP135684,RNA-Seq,ILLUMINA,NextSeq 500,3/14/2018,4/9/2018
SRR6834118_h,SRR6834118,Human,day-30,30,cells at day 30 when stem cells exposed to cntf without NGN1/2 expression,HUES66,Homo sapiens,2D,wild type,PAIRED,SAMN08712538,SRX3790038,501,220,74,SRS3042581,GSM3040472,PRJNA438297,SRP135684,RNA-Seq,ILLUMINA,NextSeq 500,3/14/2018,4/9/2018
SRR6834119_h,SRR6834119,Human,day-30,30,cells at day 30 when stem cells exposed to cntf without NGN1/2 expression,HUES66,Homo sapiens,2D,wild type,PAIRED,SAMN08712537,SRX3790039,667,295,74,SRS3042582,GSM3040473,PRJNA438297,SRP135684,RNA-Seq,ILLUMINA,NextSeq 500,3/14/2018,4/9/2018
SRR6834120_h,SRR6834120,Human,day-30,30,cells at day 30 when stem cells exposed to cntf without NGN1/2 expression,HUES66,Homo sapiens,2D,wild type,PAIRED,SAMN08712536,SRX3790040,251,111,74,SRS3042583,GSM3040474,PRJNA438297,SRP135684,RNA-Seq,ILLUMINA,NextSeq 500,3/14/2018,4/9/2018
SRR6834121_h,SRR6834121,Human,day-67,67,cells at passage-3 at day-67 in human astrocytic cell diffentiation with cntf and fbs,HUES66,Homo sapiens,2D,wild type,PAIRED,SAMN08712535,SRX3790041,293,130,74,SRS3042584,GSM3040475,PRJNA438297,SRP135684,RNA-Seq,ILLUMINA,NextSeq 500,3/14/2018,4/9/2018
SRR6834122_h,SRR6834122,Human,day-67,67,cells at passage-3 at day-67 in human astrocytic cell diffentiation with cntf and fbs,HUES66,Homo sapiens,2D,wild type,PAIRED,SAMN08712534,SRX3790042,451,198,74,SRS3042603,GSM3040476,PRJNA438297,SRP135684,RNA-Seq,ILLUMINA,NextSeq 500,3/14/2018,4/9/2018
SRR6834123_h,SRR6834123,Human,day-67,67,cells at passage-3 at day-67 in human astrocytic cell diffentiation with cntf and fbs,HUES66,Homo sapiens,2D,wild type,PAIRED,SAMN08712533,SRX3790043,203,90,74,SRS3042585,GSM3040477,PRJNA438297,SRP135684,RNA-Seq,ILLUMINA,NextSeq 500,3/14/2018,4/9/2018
SRR6834124_h,SRR6834124,Human,day-114,114,cells at passage-6 at day-114 in human astrocytic cell diffentiation with cntf and fbs,HUES66,Homo sapiens,2D,wild type,PAIRED,SAMN08712532,SRX3790044,557,245,74,SRS3042586,GSM3040478,PRJNA438297,SRP135684,RNA-Seq,ILLUMINA,NextSeq 500,3/14/2018,4/9/2018
SRR6834125_h,SRR6834125,Human,day-114,114,cells at passage-6 at day-114 in human astrocytic cell diffentiation with cntf and fbs,HUES66,Homo sapiens,2D,wild type,PAIRED,SAMN08712531,SRX3790045,429,189,74,SRS3042587,GSM3040479,PRJNA438297,SRP135684,RNA-Seq,ILLUMINA,NextSeq 500,3/14/2018,4/9/2018
SRR6834126_h,SRR6834126,Human,day-114,114,cells at passage-6 at day-114 in human astrocytic cell diffentiation with cntf and fbs,HUES66,Homo sapiens,2D,wild type,PAIRED,SAMN08712530,SRX3790046,495,219,74,SRS3042588,GSM3040480,PRJNA438297,SRP135684,RNA-Seq,ILLUMINA,NextSeq 500,3/14/2018,4/9/2018
SRR6834127_h,SRR6834127,Human,5wk,35,human neuronal cells sorted from 3D only human neuronal cell culture,HUES66,Homo sapiens,3D,wild type,PAIRED,SAMN08712529,SRX3790047,436,191,74,SRS3042589,GSM3040481,PRJNA438297,SRP135684,RNA-Seq,ILLUMINA,NextSeq 500,3/14/2018,4/9/2018
SRR6834128_h,SRR6834128,Human,5wk,35,human neuronal cells sorted from 3D only human neuronal cell culture,HUES66,Homo sapiens,3D,wild type,PAIRED,SAMN08712528,SRX3790048,675,294,74,SRS3042590,GSM3040482,PRJNA438297,SRP135684,RNA-Seq,ILLUMINA,NextSeq 500,3/14/2018,4/9/2018
SRR6834129_h,SRR6834129,Human,5wk,35,human neuronal cells sorted from 3D only human neuronal cell culture,HUES66,Homo sapiens,3D,wild type,PAIRED,SAMN08712527,SRX3790049,578,252,74,SRS3042591,GSM3040483,PRJNA438297,SRP135684,RNA-Seq,ILLUMINA,NextSeq 500,3/14/2018,4/9/2018
SRR6834130_h,SRR6834130,Human,5wk,35,human neuronal cells sorted from their 3D co-culture with differentiated human astrocytic cells,HUES66,Homo sapiens,3D,wild type,PAIRED,SAMN08712526,SRX3790050,613,269,74,SRS3042592,GSM3040484,PRJNA438297,SRP135684,RNA-Seq,ILLUMINA,NextSeq 500,3/14/2018,4/9/2018
SRR6834131_h,SRR6834131,Human,5wk,35,human neuronal cells sorted from their 3D co-culture with differentiated human astrocytic cells,HUES66,Homo sapiens,3D,wild type,PAIRED,SAMN08712615,SRX3790051,578,254,74,SRS3042593,GSM3040485,PRJNA438297,SRP135684,RNA-Seq,ILLUMINA,NextSeq 500,3/14/2018,4/9/2018
SRR6834132_h,SRR6834132,Human,5wk,35,human neuronal cells sorted from their 3D co-culture with differentiated human astrocytic cells,HUES66,Homo sapiens,3D,wild type,PAIRED,SAMN08712614,SRX3790052,468,203,74,SRS3042594,GSM3040486,PRJNA438297,SRP135684,RNA-Seq,ILLUMINA,NextSeq 500,3/14/2018,4/9/2018
SRR6834133_h,SRR6834133,Human,5wk,35,human neuronal cells sorted from their 3D co-culture with human primary astrocytes,HUES66,Homo sapiens,3D,wild type,PAIRED,SAMN08712571,SRX3790053,411,180,74,SRS3042595,GSM3040487,PRJNA438297,SRP135684,RNA-Seq,ILLUMINA,NextSeq 500,3/14/2018,4/9/2018
SRR6834134_h,SRR6834134,Human,5wk,35,human neuronal cells sorted from their 3D co-culture with human primary astrocytes,HUES66,Homo sapiens,3D,wild type,PAIRED,SAMN08712570,SRX3790054,478,207,74,SRS3042596,GSM3040488,PRJNA438297,SRP135684,RNA-Seq,ILLUMINA,NextSeq 500,3/14/2018,4/9/2018
SRR6834135_h,SRR6834135,Human,5wk,35,human neuronal cells sorted from their 3D co-culture with human primary astrocytes,HUES66,Homo sapiens,3D,wild type,PAIRED,SAMN08712569,SRX3790055,352,153,74,SRS3042597,GSM3040489,PRJNA438297,SRP135684,RNA-Seq,ILLUMINA,NextSeq 500,3/14/2018,4/9/2018
SRR6834136_h,SRR6834136,Human,5wk,35,3D cultured differentiated human astrocytic cells,HUES66,Homo sapiens,3D,wild type,PAIRED,SAMN08712568,SRX3790056,372,161,74,SRS3042598,GSM3040490,PRJNA438297,SRP135684,RNA-Seq,ILLUMINA,NextSeq 500,3/14/2018,4/9/2018
SRR6834137_h,SRR6834137,Human,5wk,35,3D cultured differentiated human astrocytic cells,HUES66,Homo sapiens,3D,wild type,PAIRED,SAMN08712567,SRX3790057,518,229,74,SRS3042599,GSM3040491,PRJNA438297,SRP135684,RNA-Seq,ILLUMINA,NextSeq 500,3/14/2018,4/9/2018
SRR6834138_h,SRR6834138,Human,5wk,35,3D cultured differentiated human astrocytic cells,HUES66,Homo sapiens,3D,wild type,PAIRED,SAMN08712566,SRX3790058,366,160,74,SRS3042600,GSM3040492,PRJNA438297,SRP135684,RNA-Seq,ILLUMINA,NextSeq 500,3/14/2018,4/9/2018
SRR6834005_hm,SRR6834005,Human and mouse,1wk,7,human neuronal cells and mouse astrocytes,HUES66 and mouse cortex,Homo sapiens,2D,wild type,PAIRED,SAMN08712425,SRX3789925,473,207,74,SRS3042469,GSM3040359,PRJNA438297,SRP135684,RNA-Seq,ILLUMINA,NextSeq 500,3/14/2018,4/9/2018
SRR6834006_hm,SRR6834006,Human and mouse,1wk,7,human neuronal cells and mouse astrocytes,HUES66 and mouse cortex,Homo sapiens,2D,wild type,PAIRED,SAMN08712424,SRX3789926,449,195,74,SRS3042470,GSM3040360,PRJNA438297,SRP135684,RNA-Seq,ILLUMINA,NextSeq 500,3/14/2018,4/9/2018
SRR6834007_hm,SRR6834007,Human and mouse,1wk,7,human neuronal cells and mouse astrocytes,HUES66 and mouse cortex,Homo sapiens,2D,wild type,PAIRED,SAMN08712423,SRX3789927,552,241,74,SRS3042471,GSM3040361,PRJNA438297,SRP135684,RNA-Seq,ILLUMINA,NextSeq 500,3/14/2018,4/9/2018
SRR6834008_hm,SRR6834008,Human and mouse,5wk,35,human neuronal cells and mouse astrocytes,HUES66 and mouse cortex,Homo sapiens,2D,wild type,PAIRED,SAMN08712422,SRX3789928,583,255,74,SRS3042472,GSM3040362,PRJNA438297,SRP135684,RNA-Seq,ILLUMINA,NextSeq 500,3/14/2018,4/9/2018
SRR6834009_hm,SRR6834009,Human and mouse,5wk,35,human neuronal cells and mouse astrocytes,HUES66 and mouse cortex,Homo sapiens,2D,wild type,PAIRED,SAMN08712421,SRX3789929,461,201,74,SRS3042473,GSM3040363,PRJNA438297,SRP135684,RNA-Seq,ILLUMINA,NextSeq 500,3/14/2018,4/9/2018
SRR6834010_hm,SRR6834010,Human and mouse,5wk,35,human neuronal cells and mouse astrocytes,HUES66 and mouse cortex,Homo sapiens,2D,wild type,PAIRED,SAMN08712420,SRX3789930,239,105,74,SRS3042474,GSM3040364,PRJNA438297,SRP135684,RNA-Seq,ILLUMINA,NextSeq 500,3/14/2018,4/9/2018
SRR6834011_hm,SRR6834011,Human and mouse,1wk,7,human neuronal cells and mouse astrocytes,HUES66 and mouse cortex,Homo sapiens,3D,wild type,PAIRED,SAMN08712454,SRX3789931,616,255,74,SRS3042475,GSM3040365,PRJNA438297,SRP135684,RNA-Seq,ILLUMINA,NextSeq 500,3/14/2018,4/9/2018
SRR6834012_hm,SRR6834012,Human and mouse,1wk,7,human neuronal cells and mouse astrocytes,HUES66 and mouse cortex,Homo sapiens,3D,wild type,PAIRED,SAMN08712455,SRX3789932,906,373,74,SRS3042476,GSM3040366,PRJNA438297,SRP135684,RNA-Seq,ILLUMINA,NextSeq 500,3/14/2018,4/9/2018
SRR6834013_hm,SRR6834013,Human and mouse,1wk,7,human neuronal cells and mouse astrocytes,HUES66 and mouse cortex,Homo sapiens,3D,wild type,PAIRED,SAMN08712456,SRX3789933,848,348,74,SRS3042477,GSM3040367,PRJNA438297,SRP135684,RNA-Seq,ILLUMINA,NextSeq 500,3/14/2018,4/9/2018
SRR6834014_hm,SRR6834014,Human and mouse,5wk,35,human neuronal cells and mouse astrocytes,HUES66 and mouse cortex,Homo sapiens,3D,wild type,PAIRED,SAMN08712419,SRX3789934,731,306,74,SRS3042478,GSM3040368,PRJNA438297,SRP135684,RNA-Seq,ILLUMINA,NextSeq 500,3/14/2018,4/9/2018
SRR6834015_hm,SRR6834015,Human and mouse,5wk,35,human neuronal cells and mouse astrocytes,HUES66 and mouse cortex,Homo sapiens,3D,wild type,PAIRED,SAMN08712418,SRX3789935,749,305,74,SRS3042479,GSM3040369,PRJNA438297,SRP135684,RNA-Seq,ILLUMINA,NextSeq 500,3/14/2018,4/9/2018
SRR6834016_hm,SRR6834016,Human and mouse,5wk,35,human neuronal cells and mouse astrocytes,HUES66 and mouse cortex,Homo sapiens,3D,wild type,PAIRED,SAMN08712417,SRX3789936,642,264,74,SRS3042480,GSM3040370,PRJNA438297,SRP135684,RNA-Seq,ILLUMINA,NextSeq 500,3/14/2018,4/9/2018
SRR6834017_hm,SRR6834017,Human and mouse,1wk,7,human neuronal cells and mouse astrocytes,HUES66 and mouse cortex,Homo sapiens,3D,wild type,PAIRED,SAMN08712416,SRX3789937,841,343,74,SRS3042481,GSM3040371,PRJNA438297,SRP135684,RNA-Seq,ILLUMINA,NextSeq 500,3/14/2018,4/9/2018
SRR6834018_hm,SRR6834018,Human and mouse,1wk,7,human neuronal cells and mouse astrocytes,HUES66 and mouse cortex,Homo sapiens,3D,wild type,PAIRED,SAMN08712415,SRX3789938,782,319,74,SRS3042482,GSM3040372,PRJNA438297,SRP135684,RNA-Seq,ILLUMINA,NextSeq 500,3/14/2018,4/9/2018
SRR6834019_hm,SRR6834019,Human and mouse,1wk,7,human neuronal cells and mouse astrocytes,HUES66 and mouse cortex,Homo sapiens,3D,wild type,PAIRED,SAMN08712414,SRX3789939,640,265,74,SRS3042483,GSM3040373,PRJNA438297,SRP135684,RNA-Seq,ILLUMINA,NextSeq 500,3/14/2018,4/9/2018
SRR6834020_hm,SRR6834020,Human and mouse,5wk,35,human neuronal cells and mouse astrocytes,HUES66 and mouse cortex,Homo sapiens,3D,wild type,PAIRED,SAMN08712487,SRX3789940,755,309,74,SRS3042484,GSM3040374,PRJNA438297,SRP135684,RNA-Seq,ILLUMINA,NextSeq 500,3/14/2018,4/9/2018
SRR6834021_hm,SRR6834021,Human and mouse,5wk,35,human neuronal cells and mouse astrocytes,HUES66 and mouse cortex,Homo sapiens,3D,wild type,PAIRED,SAMN08712453,SRX3789941,842,346,74,SRS3042485,GSM3040375,PRJNA438297,SRP135684,RNA-Seq,ILLUMINA,NextSeq 500,3/14/2018,4/9/2018
SRR6834022_hm,SRR6834022,Human and mouse,5wk,35,human neuronal cells and mouse astrocytes,HUES66 and mouse cortex,Homo sapiens,3D,wild type,PAIRED,SAMN08712452,SRX3789942,839,345,74,SRS3042486,GSM3040376,PRJNA438297,SRP135684,RNA-Seq,ILLUMINA,NextSeq 500,3/14/2018,4/9/2018
SRR6834023_hm,SRR6834023,Human and mouse,5wk,35,human neuronal cells and mouse astrocytes,HUES66 and mouse cortex,Homo sapiens,3D,wild type,PAIRED,SAMN08712451,SRX3789943,735,301,74,SRS3042487,GSM3040377,PRJNA438297,SRP135684,RNA-Seq,ILLUMINA,NextSeq 500,3/14/2018,4/9/2018
SRR6834024_hm,SRR6834024,Human and mouse,5wk,35,human neuronal cells and mouse astrocytes,HUES66 and mouse cortex,Homo sapiens,3D,wild type,PAIRED,SAMN08712450,SRX3789944,712,294,74,SRS3042488,GSM3040378,PRJNA438297,SRP135684,RNA-Seq,ILLUMINA,NextSeq 500,3/14/2018,4/9/2018
SRR6834025_hm,SRR6834025,Human and mouse,5wk,35,human neuronal cells and mouse astrocytes,HUES66 and mouse cortex,Homo sapiens,3D,wild type,PAIRED,SAMN08712449,SRX3789945,643,264,74,SRS3042489,GSM3040379,PRJNA438297,SRP135684,RNA-Seq,ILLUMINA,NextSeq 500,3/14/2018,4/9/2018
SRR6834026_hm,SRR6834026,Human and mouse,5wk,35,human neuronal cells and mouse astrocytes,HUES66 and mouse cortex,Homo sapiens,3D,wild type,PAIRED,SAMN08712525,SRX3789946,383,162,74,SRS3042490,GSM3040380,PRJNA438297,SRP135684,RNA-Seq,ILLUMINA,NextSeq 500,3/14/2018,4/9/2018
SRR6834027_hm,SRR6834027,Human and mouse,5wk,35,human neuronal cells and mouse astrocytes,HUES66 and mouse cortex,Homo sapiens,3D,wild type,PAIRED,SAMN08712524,SRX3789947,382,164,74,SRS3042491,GSM3040381,PRJNA438297,SRP135684,RNA-Seq,ILLUMINA,NextSeq 500,3/14/2018,4/9/2018
SRR6834028_hm,SRR6834028,Human and mouse,5wk,35,human neuronal cells and mouse astrocytes,HUES66 and mouse cortex,Homo sapiens,3D,wild type,PAIRED,SAMN08712523,SRX3789948,437,184,74,SRS3042492,GSM3040382,PRJNA438297,SRP135684,RNA-Seq,ILLUMINA,NextSeq 500,3/14/2018,4/9/2018
SRR6834029_hm,SRR6834029,Human and mouse,5wk,35,human neuronal cells and mouse astrocytes,HUES66 and mouse cortex,Homo sapiens,3D,wild type,PAIRED,SAMN08712522,SRX3789949,913,390,74,SRS3042493,GSM3040383,PRJNA438297,SRP135684,RNA-Seq,ILLUMINA,NextSeq 500,3/14/2018,4/9/2018
SRR6834030_hm,SRR6834030,Human and mouse,5wk,35,human neuronal cells and mouse astrocytes,HUES66 and mouse cortex,Homo sapiens,3D,wild type,PAIRED,SAMN08712521,SRX3789950,443,194,74,SRS3042496,GSM3040384,PRJNA438297,SRP135684,RNA-Seq,ILLUMINA,NextSeq 500,3/14/2018,4/9/2018
SRR6834031_hm,SRR6834031,Human and mouse,5wk,35,human neuronal cells and mouse astrocytes,HUES66 and mouse cortex,Homo sapiens,3D,wild type,PAIRED,SAMN08712520,SRX3789951,869,383,74,SRS3042494,GSM3040385,PRJNA438297,SRP135684,RNA-Seq,ILLUMINA,NextSeq 500,3/14/2018,4/9/2018
SRR6834032_hm,SRR6834032,Human and mouse,5wk,35,human neuronal cells and mouse astrocytes,HUES66 and mouse cortex,Homo sapiens,3D,wild type,PAIRED,SAMN08712519,SRX3789952,1081,464,74,SRS3042497,GSM3040386,PRJNA438297,SRP135684,RNA-Seq,ILLUMINA,NextSeq 500,3/14/2018,4/9/2018
SRR6834033_hm,SRR6834033,Human and mouse,5wk,35,human neuronal cells and mouse astrocytes,HUES66 and mouse cortex,Homo sapiens,3D,wild type,PAIRED,SAMN08712518,SRX3789953,878,379,74,SRS3042495,GSM3040387,PRJNA438297,SRP135684,RNA-Seq,ILLUMINA,NextSeq 500,3/14/2018,4/9/2018
SRR6834034_hm,SRR6834034,Human and mouse,5wk,35,human neuronal cells and mouse astrocytes,HUES66 and mouse cortex,Homo sapiens,3D,wild type,PAIRED,SAMN08712517,SRX3789954,829,353,74,SRS3042498,GSM3040388,PRJNA438297,SRP135684,RNA-Seq,ILLUMINA,NextSeq 500,3/14/2018,4/9/2018
SRR6834035_hm,SRR6834035,Human and mouse,5wk,35,human neuronal cells and mouse astrocytes,HUES66 and mouse cortex,Homo sapiens,3D,wild type,PAIRED,SAMN08712516,SRX3789955,740,314,74,SRS3042499,GSM3040389,PRJNA438297,SRP135684,RNA-Seq,ILLUMINA,NextSeq 500,3/14/2018,4/9/2018
SRR6834036_hm,SRR6834036,Human and mouse,5wk,35,human neuronal cells and mouse astrocytes,HUES66 and mouse cortex,Homo sapiens,3D,wild type,PAIRED,SAMN08712515,SRX3789956,543,234,74,SRS3042500,GSM3040390,PRJNA438297,SRP135684,RNA-Seq,ILLUMINA,NextSeq 500,3/14/2018,4/9/2018
SRR6834037_hm,SRR6834037,Human and mouse,5wk,35,human neuronal cells and mouse astrocytes,HUES66 and mouse cortex,Homo sapiens,3D,wild type,PAIRED,SAMN08712514,SRX3789957,752,323,74,SRS3042501,GSM3040391,PRJNA438297,SRP135684,RNA-Seq,ILLUMINA,NextSeq 500,3/14/2018,4/9/2018
SRR6834038_hm,SRR6834038,Human and mouse,5wk,35,human neuronal cells and mouse astrocytes,HUES66 and mouse cortex,Homo sapiens,3D,wild type,PAIRED,SAMN08712513,SRX3789958,585,251,74,SRS3042502,GSM3040392,PRJNA438297,SRP135684,RNA-Seq,ILLUMINA,NextSeq 500,3/14/2018,4/9/2018
SRR6834039_hm,SRR6834039,Human and mouse,5wk,35,human neuronal cells and mouse astrocytes,HUES66 and mouse cortex,Homo sapiens,3D,wild type,PAIRED,SAMN08712512,SRX3789959,586,252,74,SRS3042505,GSM3040393,PRJNA438297,SRP135684,RNA-Seq,ILLUMINA,NextSeq 500,3/14/2018,4/9/2018
SRR6834040_hm,SRR6834040,Human and mouse,5wk,35,human neuronal cells and mouse astrocytes,HUES66 and mouse cortex,Homo sapiens,3D,wild type,PAIRED,SAMN08712511,SRX3789960,398,176,74,SRS3042503,GSM3040394,PRJNA438297,SRP135684,RNA-Seq,ILLUMINA,NextSeq 500,3/14/2018,4/9/2018
SRR6834041_hm,SRR6834041,Human and mouse,5wk,35,human neuronal cells and mouse astrocytes,HUES66 and mouse cortex,Homo sapiens,3D,wild type,PAIRED,SAMN08712510,SRX3789961,471,201,74,SRS3042504,GSM3040395,PRJNA438297,SRP135684,RNA-Seq,ILLUMINA,NextSeq 500,3/14/2018,4/9/2018
SRR6834042_hm,SRR6834042,Human and mouse,5wk,35,human neuronal cells and mouse astrocytes,HUES66 and mouse cortex,Homo sapiens,3D,wild type,PAIRED,SAMN08712509,SRX3789962,541,230,74,SRS3042506,GSM3040396,PRJNA438297,SRP135684,RNA-Seq,ILLUMINA,NextSeq 500,3/14/2018,4/9/2018
SRR6834043_hm,SRR6834043,Human and mouse,5wk,35,human neuronal cells and mouse astrocytes,HUES66 and mouse cortex,Homo sapiens,3D,wild type,PAIRED,SAMN08712508,SRX3789963,572,244,74,SRS3042507,GSM3040397,PRJNA438297,SRP135684,RNA-Seq,ILLUMINA,NextSeq 500,3/14/2018,4/9/2018
SRR6834044_hm,SRR6834044,Human and mouse,5wk,35,human neuronal cells and mouse astrocytes,HUES66 and mouse cortex,Homo sapiens,3D,wild type,PAIRED,SAMN08712507,SRX3789964,563,232,74,SRS3042508,GSM3040398,PRJNA438297,SRP135684,RNA-Seq,ILLUMINA,NextSeq 500,3/14/2018,4/9/2018
SRR6834045_hm,SRR6834045,Human and mouse,5wk,35,human neuronal cells and mouse astrocytes,HUES66 and mouse cortex,Homo sapiens,3D,wild type,PAIRED,SAMN08712506,SRX3789965,776,317,74,SRS3042509,GSM3040399,PRJNA438297,SRP135684,RNA-Seq,ILLUMINA,NextSeq 500,3/14/2018,4/9/2018
SRR6834046_hm,SRR6834046,Human and mouse,5wk,35,human neuronal cells and mouse astrocytes,HUES66 and mouse cortex,Homo sapiens,3D,wild type,PAIRED,SAMN08712505,SRX3789966,690,280,74,SRS3042513,GSM3040400,PRJNA438297,SRP135684,RNA-Seq,ILLUMINA,NextSeq 500,3/14/2018,4/9/2018
SRR6834047_hm,SRR6834047,Human and mouse,5wk,35,human neuronal cells and mouse astrocytes,HUES66 and mouse cortex,Homo sapiens,3D,wild type,PAIRED,SAMN08712504,SRX3789967,683,292,74,SRS3042510,GSM3040401,PRJNA438297,SRP135684,RNA-Seq,ILLUMINA,NextSeq 500,3/14/2018,4/9/2018
SRR6834048_hm,SRR6834048,Human and mouse,5wk,35,human neuronal cells and mouse astrocytes,HUES66 and mouse cortex,Homo sapiens,3D,wild type,PAIRED,SAMN08712503,SRX3789968,708,304,74,SRS3042511,GSM3040402,PRJNA438297,SRP135684,RNA-Seq,ILLUMINA,NextSeq 500,3/14/2018,4/9/2018
SRR6834049_hm,SRR6834049,Human and mouse,5wk,35,human neuronal cells and mouse astrocytes,HUES66 and mouse cortex,Homo sapiens,3D,wild type,PAIRED,SAMN08712486,SRX3789969,943,405,74,SRS3042512,GSM3040403,PRJNA438297,SRP135684,RNA-Seq,ILLUMINA,NextSeq 500,3/14/2018,4/9/2018
SRR6834050_hm,SRR6834050,Human and mouse,5wk,35,human neuronal cells and mouse astrocytes,HUES66 and mouse cortex,Homo sapiens,3D,wild type,PAIRED,SAMN08712485,SRX3789970,864,366,74,SRS3042514,GSM3040404,PRJNA438297,SRP135684,RNA-Seq,ILLUMINA,NextSeq 500,3/14/2018,4/9/2018
SRR6834051_hm,SRR6834051,Human and mouse,5wk,35,human neuronal cells and mouse astrocytes,HUES66 and mouse cortex,Homo sapiens,3D,wild type,PAIRED,SAMN08712502,SRX3789971,715,306,74,SRS3042515,GSM3040405,PRJNA438297,SRP135684,RNA-Seq,ILLUMINA,NextSeq 500,3/14/2018,4/9/2018
SRR6834052_hm,SRR6834052,Human and mouse,5wk,35,human neuronal cells and mouse astrocytes,HUES66 and mouse cortex,Homo sapiens,3D,wild type,PAIRED,SAMN08712501,SRX3789972,529,228,74,SRS3042516,GSM3040406,PRJNA438297,SRP135684,RNA-Seq,ILLUMINA,NextSeq 500,3/14/2018,4/9/2018
SRR6834053_hm,SRR6834053,Human and mouse,5wk,35,human neuronal cells and mouse astrocytes,HUES66 and mouse cortex,Homo sapiens,3D,wild type,PAIRED,SAMN08712484,SRX3789973,337,146,74,SRS3042518,GSM3040407,PRJNA438297,SRP135684,RNA-Seq,ILLUMINA,NextSeq 500,3/14/2018,4/9/2018
SRR6834054_hm,SRR6834054,Human and mouse,5wk,35,human neuronal cells and mouse astrocytes,HUES66 and mouse cortex,Homo sapiens,3D,wild type,PAIRED,SAMN08712483,SRX3789974,606,259,74,SRS3042517,GSM3040408,PRJNA438297,SRP135684,RNA-Seq,ILLUMINA,NextSeq 500,3/14/2018,4/9/2018
SRR6834055_hm,SRR6834055,Human and mouse,5wk,35,human neuronal cells and mouse astrocytes,HUES66 and mouse cortex,Homo sapiens,3D,wild type,PAIRED,SAMN08712482,SRX3789975,799,340,74,SRS3042519,GSM3040409,PRJNA438297,SRP135684,RNA-Seq,ILLUMINA,NextSeq 500,3/14/2018,4/9/2018
SRR6834056_hm,SRR6834056,Human and mouse,5wk,35,human neuronal cells and mouse astrocytes,HUES66 and mouse cortex,Homo sapiens,3D,wild type,PAIRED,SAMN08712481,SRX3789976,751,310,74,SRS3042520,GSM3040410,PRJNA438297,SRP135684,RNA-Seq,ILLUMINA,NextSeq 500,3/14/2018,4/9/2018
SRR6834057_hm,SRR6834057,Human and mouse,5wk,35,human neuronal cells and mouse astrocytes,HUES66 and mouse cortex,Homo sapiens,3D,wild type,PAIRED,SAMN08712480,SRX3789977,549,229,74,SRS3042521,GSM3040411,PRJNA438297,SRP135684,RNA-Seq,ILLUMINA,NextSeq 500,3/14/2018,4/9/2018
SRR6834058_hm,SRR6834058,Human and mouse,5wk,35,human neuronal cells and mouse astrocytes,HUES66 and mouse cortex,Homo sapiens,3D,wild type,PAIRED,SAMN08712479,SRX3789978,727,298,74,SRS3042522,GSM3040412,PRJNA438297,SRP135684,RNA-Seq,ILLUMINA,NextSeq 500,3/14/2018,4/9/2018
SRR6834059_hm,SRR6834059,Human and mouse,5wk,35,human neuronal cells and mouse astrocytes,HUES66 and mouse cortex,Homo sapiens,3D,wild type,PAIRED,SAMN08712478,SRX3789979,650,276,74,SRS3042523,GSM3040413,PRJNA438297,SRP135684,RNA-Seq,ILLUMINA,NextSeq 500,3/14/2018,4/9/2018
SRR6834060_hm,SRR6834060,Human and mouse,5wk,35,human neuronal cells and mouse astrocytes,HUES66 and mouse cortex,Homo sapiens,3D,wild type,PAIRED,SAMN08712477,SRX3789980,519,220,74,SRS3042524,GSM3040414,PRJNA438297,SRP135684,RNA-Seq,ILLUMINA,NextSeq 500,3/14/2018,4/9/2018
SRR6834061_hm,SRR6834061,Human and mouse,5wk,35,human neuronal cells and mouse astrocytes,HUES66 and mouse cortex,Homo sapiens,3D,wild type,PAIRED,SAMN08712476,SRX3789981,379,166,74,SRS3042525,GSM3040415,PRJNA438297,SRP135684,RNA-Seq,ILLUMINA,NextSeq 500,3/14/2018,4/9/2018
SRR6834062_hm,SRR6834062,Human and mouse,5wk,35,human neuronal cells and mouse astrocytes,HUES66 and mouse cortex,Homo sapiens,3D,wild type,PAIRED,SAMN08712475,SRX3789982,447,195,74,SRS3042526,GSM3040416,PRJNA438297,SRP135684,RNA-Seq,ILLUMINA,NextSeq 500,3/14/2018,4/9/2018
SRR6834063_hm,SRR6834063,Human and mouse,5wk,35,human neuronal cells and mouse astrocytes,HUES66 and mouse cortex,Homo sapiens,3D,wild type,PAIRED,SAMN08712474,SRX3789983,771,332,74,SRS3042527,GSM3040417,PRJNA438297,SRP135684,RNA-Seq,ILLUMINA,NextSeq 500,3/14/2018,4/9/2018
SRR6834064_hm,SRR6834064,Human and mouse,5wk,35,human neuronal cells and mouse astrocytes,HUES66 and mouse cortex,Homo sapiens,3D,wild type,PAIRED,SAMN08712473,SRX3789984,894,381,74,SRS3042528,GSM3040418,PRJNA438297,SRP135684,RNA-Seq,ILLUMINA,NextSeq 500,3/14/2018,4/9/2018
SRR6834065_hm,SRR6834065,Human and mouse,5wk,35,human neuronal cells and mouse astrocytes,HUES66 and mouse cortex,Homo sapiens,3D,wild type,PAIRED,SAMN08712472,SRX3789985,647,278,74,SRS3042529,GSM3040419,PRJNA438297,SRP135684,RNA-Seq,ILLUMINA,NextSeq 500,3/14/2018,4/9/2018
SRR6834066_hm,SRR6834066,Human and mouse,5wk,35,human neuronal cells and mouse astrocytes,HUES66 and mouse cortex,Homo sapiens,3D,wild type,PAIRED,SAMN08712471,SRX3789986,796,342,74,SRS3042530,GSM3040420,PRJNA438297,SRP135684,RNA-Seq,ILLUMINA,NextSeq 500,3/14/2018,4/9/2018
SRR6834067_hm,SRR6834067,Human and mouse,5wk,35,human neuronal cells and mouse astrocytes,HUES66 and mouse cortex,Homo sapiens,3D,wild type,PAIRED,SAMN08712470,SRX3789987,907,387,74,SRS3042531,GSM3040421,PRJNA438297,SRP135684,RNA-Seq,ILLUMINA,NextSeq 500,3/14/2018,4/9/2018
SRR6834068_hm,SRR6834068,Human and mouse,5wk,35,human neuronal cells and mouse astrocytes,HUES66 and mouse cortex,Homo sapiens,3D,wild type,PAIRED,SAMN08712469,SRX3789988,818,349,74,SRS3042532,GSM3040422,PRJNA438297,SRP135684,RNA-Seq,ILLUMINA,NextSeq 500,3/14/2018,4/9/2018
SRR6834069_hm,SRR6834069,Human and mouse,5wk,35,human neuronal cells and mouse astrocytes,HUES66 and mouse cortex,Homo sapiens,3D,wild type,PAIRED,SAMN08712468,SRX3789989,774,330,74,SRS3042533,GSM3040423,PRJNA438297,SRP135684,RNA-Seq,ILLUMINA,NextSeq 500,3/14/2018,4/9/2018
SRR6834070_hm,SRR6834070,Human and mouse,5wk,35,human neuronal cells and mouse astrocytes,HUES66 and mouse cortex,Homo sapiens,3D,wild type,PAIRED,SAMN08712467,SRX3789990,667,295,74,SRS3042534,GSM3040424,PRJNA438297,SRP135684,RNA-Seq,ILLUMINA,NextSeq 500,3/14/2018,4/9/2018
SRR6834071_hm,SRR6834071,Human and mouse,5wk,35,human neuronal cells and mouse astrocytes,HUES66 and mouse cortex,Homo sapiens,3D,wild type,PAIRED,SAMN08712466,SRX3789991,469,201,74,SRS3042535,GSM3040425,PRJNA438297,SRP135684,RNA-Seq,ILLUMINA,NextSeq 500,3/14/2018,4/9/2018
SRR6834072_hm,SRR6834072,Human and mouse,5wk,35,human neuronal cells and mouse astrocytes,HUES66 and mouse cortex,Homo sapiens,3D,wild type,PAIRED,SAMN08712465,SRX3789992,653,278,74,SRS3042536,GSM3040426,PRJNA438297,SRP135684,RNA-Seq,ILLUMINA,NextSeq 500,3/14/2018,4/9/2018
SRR6834073_hm,SRR6834073,Human and mouse,5wk,35,human neuronal cells and mouse astrocytes,HUES66 and mouse cortex,Homo sapiens,3D,wild type,PAIRED,SAMN08712464,SRX3789993,614,262,74,SRS3042537,GSM3040427,PRJNA438297,SRP135684,RNA-Seq,ILLUMINA,NextSeq 500,3/14/2018,4/9/2018
SRR6834074_hm,SRR6834074,Human and mouse,5wk,35,human neuronal cells and mouse astrocytes,HUES66 and mouse cortex,Homo sapiens,3D,wild type,PAIRED,SAMN08712463,SRX3789994,812,346,74,SRS3042538,GSM3040428,PRJNA438297,SRP135684,RNA-Seq,ILLUMINA,NextSeq 500,3/14/2018,4/9/2018
SRR6834075_hm,SRR6834075,Human and mouse,5wk,35,human neuronal cells and mouse astrocytes,HUES66 and mouse cortex,Homo sapiens,3D,wild type,PAIRED,SAMN08712462,SRX3789995,791,336,74,SRS3042539,GSM3040429,PRJNA438297,SRP135684,RNA-Seq,ILLUMINA,NextSeq 500,3/14/2018,4/9/2018
SRR6834076_hm,SRR6834076,Human and mouse,5wk,35,human neuronal cells and mouse astrocytes,HUES66 and mouse cortex,Homo sapiens,3D,wild type,PAIRED,SAMN08712461,SRX3789996,498,213,74,SRS3042540,GSM3040430,PRJNA438297,SRP135684,RNA-Seq,ILLUMINA,NextSeq 500,3/14/2018,4/9/2018
SRR6834077_hm,SRR6834077,Human and mouse,5wk,35,human neuronal cells and mouse astrocytes,HUES66 and mouse cortex,Homo sapiens,3D,wild type,PAIRED,SAMN08712460,SRX3789997,704,302,74,SRS3042541,GSM3040431,PRJNA438297,SRP135684,RNA-Seq,ILLUMINA,NextSeq 500,3/14/2018,4/9/2018
SRR6834078_hm,SRR6834078,Human and mouse,5wk,35,human neuronal cells and mouse astrocytes,HUES66 and mouse cortex,Homo sapiens,3D,wild type,PAIRED,SAMN08712459,SRX3789998,413,183,74,SRS3042542,GSM3040432,PRJNA438297,SRP135684,RNA-Seq,ILLUMINA,NextSeq 500,3/14/2018,4/9/2018
SRR6834079_hm,SRR6834079,Human and mouse,5wk,35,human neuronal cells and mouse astrocytes,HUES66 and mouse cortex,Homo sapiens,3D,wild type,PAIRED,SAMN08712458,SRX3789999,636,274,74,SRS3042543,GSM3040433,PRJNA438297,SRP135684,RNA-Seq,ILLUMINA,NextSeq 500,3/14/2018,4/9/2018
SRR6834080_hm,SRR6834080,Human and mouse,5wk,35,human neuronal cells and mouse astrocytes,HUES66 and mouse cortex,Homo sapiens,3D,wild type,PAIRED,SAMN08712498,SRX3790000,567,243,74,SRS3042544,GSM3040434,PRJNA438297,SRP135684,RNA-Seq,ILLUMINA,NextSeq 500,3/14/2018,4/9/2018
SRR6834081_hm,SRR6834081,Human and mouse,5wk,35,human neuronal cells and mouse astrocytes,HUES66 and mouse cortex,Homo sapiens,3D,wild type,PAIRED,SAMN08712457,SRX3790001,724,317,74,SRS3042545,GSM3040435,PRJNA438297,SRP135684,RNA-Seq,ILLUMINA,NextSeq 500,3/14/2018,4/9/2018
SRR6834082_hm,SRR6834082,Human and mouse,5wk,35,human neuronal cells and mouse astrocytes,HUES66 and mouse cortex,Homo sapiens,3D,wild type,PAIRED,SAMN08712500,SRX3790002,743,320,74,SRS3042546,GSM3040436,PRJNA438297,SRP135684,RNA-Seq,ILLUMINA,NextSeq 500,3/14/2018,4/9/2018
SRR6834083_hm,SRR6834083,Human and mouse,5wk,35,human neuronal cells and mouse astrocytes,HUES66 and mouse cortex,Homo sapiens,3D,wild type,PAIRED,SAMN08712499,SRX3790003,584,249,74,SRS3042547,GSM3040437,PRJNA438297,SRP135684,RNA-Seq,ILLUMINA,NextSeq 500,3/14/2018,4/9/2018
SRR6834084_hm,SRR6834084,Human and mouse,5wk,35,human neuronal cells and mouse astrocytes,HUES66 and mouse cortex,Homo sapiens,3D,wild type,PAIRED,SAMN08712497,SRX3790004,324,141,74,SRS3042549,GSM3040438,PRJNA438297,SRP135684,RNA-Seq,ILLUMINA,NextSeq 500,3/14/2018,4/9/2018
SRR6834085_hm,SRR6834085,Human and mouse,5wk,35,human neuronal cells and mouse astrocytes,HUES66 and mouse cortex,Homo sapiens,3D,wild type,PAIRED,SAMN08712496,SRX3790005,555,240,74,SRS3042548,GSM3040439,PRJNA438297,SRP135684,RNA-Seq,ILLUMINA,NextSeq 500,3/14/2018,4/9/2018
SRR6834086_hm,SRR6834086,Human and mouse,5wk,35,human neuronal cells and mouse astrocytes,HUES66 and mouse cortex,Homo sapiens,3D,wild type,PAIRED,SAMN08712495,SRX3790006,663,285,74,SRS3042550,GSM3040440,PRJNA438297,SRP135684,RNA-Seq,ILLUMINA,NextSeq 500,3/14/2018,4/9/2018
SRR6834087_hm,SRR6834087,Human and mouse,5wk,35,human neuronal cells and mouse astrocytes,HUES66 and mouse cortex,Homo sapiens,3D,wild type,PAIRED,SAMN08712494,SRX3790007,500,220,74,SRS3042551,GSM3040441,PRJNA438297,SRP135684,RNA-Seq,ILLUMINA,NextSeq 500,3/14/2018,4/9/2018
SRR6834088_hm,SRR6834088,Human and mouse,5wk,35,human neuronal cells and mouse astrocytes,HUES66 and mouse cortex,Homo sapiens,3D,wild type,PAIRED,SAMN08712493,SRX3790008,597,256,74,SRS3042552,GSM3040442,PRJNA438297,SRP135684,RNA-Seq,ILLUMINA,NextSeq 500,3/14/2018,4/9/2018
SRR6834089_hm,SRR6834089,Human and mouse,5wk,35,human neuronal cells and mouse astrocytes,HUES66 and mouse cortex,Homo sapiens,3D,wild type,PAIRED,SAMN08712492,SRX3790009,885,388,74,SRS3042553,GSM3040443,PRJNA438297,SRP135684,RNA-Seq,ILLUMINA,NextSeq 500,3/14/2018,4/9/2018
SRR6834090_hm,SRR6834090,Human and mouse,5wk,35,human neuronal cells and mouse astrocytes,HUES66 and mouse cortex,Homo sapiens,3D,wild type,PAIRED,SAMN08712491,SRX3790010,785,334,74,SRS3042555,GSM3040444,PRJNA438297,SRP135684,RNA-Seq,ILLUMINA,NextSeq 500,3/14/2018,4/9/2018
SRR6834002_m,SRR6834002,Mouse,newborn,0,C57BL/6,cortex,Mus musculus,2D,wild type,PAIRED,SAMN08712428,SRX3789922,512,224,74,SRS3042464,GSM3040356,PRJNA438297,SRP135684,RNA-Seq,ILLUMINA,NextSeq 500,3/14/2018,4/9/2018
SRR6834003_m,SRR6834003,Mouse,newborn,0,C57BL/6,cortex,Mus musculus,2D,wild type,PAIRED,SAMN08712427,SRX3789923,490,216,74,SRS3042466,GSM3040357,PRJNA438297,SRP135684,RNA-Seq,ILLUMINA,NextSeq 500,3/14/2018,4/9/2018
SRR6834004_m,SRR6834004,Mouse,newborn,0,C57BL/6,cortex,Mus musculus,2D,wild type,PAIRED,SAMN08712426,SRX3789924,440,196,74,SRS3042468,GSM3040358,PRJNA438297,SRP135684,RNA-Seq,ILLUMINA,NextSeq 500,3/14/2018,4/9/2018
